Course Code,Lecture Hall,Position,No. of seats
CEC201,NLHC LC-II-C12,Left,10
CEC201,NLHC LC-II-C13,Left,24
CEC201,NLHC LC-II-C14,Left,24
CEC201,LC-I-C1,Left,8
CEC202,NLHC LC-II-C3,Right,11
CEC202,NLHC LC-II-C4,Right,24
CEC202,NLHC LC-II-C5,Left,10
CEC202,NLHC LC-II-C6,Left,18
CEC203,NLHC LC-II-G12,Right,48
CEC203,NLHC LC-II-G13,Left,15
CEC301,NLHC LC-II-G9,Right,48
CEC301,NLHC LC-II-G10,Right,7
CEC302,NLHC LC-II-G15,Right,6
CEC302,NLHC LC-II-G16,Left,23
CEC302,NLHC LC-II-G16,Single,4
CEC302,NLHC LC-II-C1,Left,22
CEC501,NLHC LC-II-G13,Right,11
CEC501,NLHC LC-II-G14,Right,39
CEC503,LC-I-C2,Right,35
CEC504,PET2,Right,7
CEC504,PET2,Single,1
CEC504,PET3,Left,30
CED401,NLHC LC-II-G7,Right,26
CED401,NLHC LC-II-G8,Right,47
CED403,NLHC LC-II-G4,Right,34
CED501,LC-I-C5,Right,5
CED502,NLHC LC-II-C10,Right,10
CED531,NLHC LC-II-G6,Right,35
CED531,NLHC LC-II-G7,Left,20
CEE201,NLHC LC-II-C4,Right,20
CEE201,NLHC LC-II-C5,Right,24
CEE201,NLHC LC-II-C6,Right,24
CEE201,NLHC LC-II-C7,Right,24
CEE201,NLHC LC-II-C8,Right,24
CEE201,NLHC LC-II-C9,Left,5
CEE201,NLHC LC-II-C10,Left,24
CEE201,NLHC LC-II-C11,Left,24
CEE201,NLHC LC-II-C12,Left,18
CEO301,NLHC LC-II-G9,Right,15
CEO301,NLHC LC-II-G10,Left,26
CEO301,NLHC LC-II-G10,Single,4
CEO301,NLHC LC-II-G11,Left,48
CEO301,NLHC LC-II-G11,Single,4
CEO301,NLHC LC-II-G12,Left,8
CEO401,NLHC LC-II-G1,Left,48
CEO401,NLHC LC-II-G1,Single,3
CEO528,NLHC LC-II-C3,Right,7
CHC201,LC-I-C1,Right,45
CHC202,NLHC LC-II-C12,Left,4
CHC202,NLHC LC-II-C13,Left,24
CHC202,NLHC LC-II-C14,Left,19
CHC203,NLHC LC-II-G16,Left,39
CHC203,NLHC LC-II-G16,Single,4
CHC203,NLHC LC-II-C1,Left,4
CHC301,NLHC LC-II-G12,Right,34
CHC301,NLHC LC-II-G13,Left,14
CHC302,NLHC LC-II-G7,Right,10
CHC302,NLHC LC-II-G8,Left,24
CHC302,NLHC LC-II-G8,Single,4
CHC302,NLHC LC-II-G9,Left,10
CHC303,NLHC LC-II-G10,Right,41
CHC303,NLHC LC-II-G11,Left,6
CHC501,NLHC LC-II-G13,Right,11
CHC502,NLHC LC-II-G12,Right,10
CHC503,NLHC LC-II-C6,Right,18
CHC503,NLHC LC-II-C7,Right,1
CHD401,NLHC LC-II-C1,Right,7
CHD401,NLHC LC-II-C2,Left,11
CHD408,LC-I-C2,Right,47
CHD408,LC-I-C3,Left,4
CHD411,NLHC LC-II-G3,Right,18
CHD411,NLHC LC-II-G4,Left,32
CHE201,NLHC LC-II-G8,Right,43
CHE201,NLHC LC-II-G9,Right,45
CHO401,NLHC LC-II-C1,Right,10
CHO402,NLHC LC-II-G8,Right,44
CHO404,NLHC LC-II-G7,Right,47
CSC201,NLHC LC-II-G16,Right,48
CSC201,NLHC LC-II-C1,Left,20
CSC201,NLHC LC-II-C2,Left,24
CSC201,NLHC LC-II-C3,Left,24
CSC201,NLHC LC-II-C4,Left,24
CSC201,NLHC LC-II-C5,Left,14
CSC202,NLHC LC-II-C2,Right,1
CSC202,NLHC LC-II-C3,Left,9
CSC202,NLHC LC-II-C4,Left,24
CSC202,NLHC LC-II-C5,Left,24
CSC202,NLHC LC-II-C6,Left,24
CSC202,NLHC LC-II-C7,Left,24
CSC202,NLHC LC-II-C8,Left,24
CSC202,NLHC LC-II-C9,Left,24
CSC202,NLHC LC-II-C10,Left,8
CSC203,NLHC LC-II-G5,Right,31
CSC203,NLHC LC-II-G6,Left,21
CSC203,NLHC LC-II-G6,Single,4
CSC203,NLHC LC-II-G7,Left,48
CSC203,NLHC LC-II-G7,Single,4
CSC203,NLHC LC-II-G8,Left,48
CSC203,NLHC LC-II-G8,Single,4
CSC203,NLHC LC-II-G9,Left,2
CSC301,NLHC LC-II-G1,Left,48
CSC301,NLHC LC-II-G1,Single,4
CSC301,NLHC LC-II-G2,Left,48
CSC301,NLHC LC-II-G2,Single,4
CSC301,NLHC LC-II-G3,Left,48
CSC301,NLHC LC-II-G3,Single,4
CSC301,NLHC LC-II-G4,Left,14
CSC302,NLHC LC-II-G1,Left,48
CSC302,NLHC LC-II-G1,Single,4
CSC302,NLHC LC-II-G2,Left,48
CSC302,NLHC LC-II-G2,Single,4
CSC302,NLHC LC-II-G3,Left,48
CSC302,NLHC LC-II-G3,Single,4
CSC302,NLHC LC-II-G4,Left,5
CSC501,LC-I-C1,Right,28
CSC501,LC-I-C2,Left,23
CSC504,NLHC LC-II-C11,Right,24
CSC504,NLHC LC-II-C12,Right,24
CSC504,NLHC LC-II-C13,Left,9
CSD404,NLHC LC-II-G8,Right,1
CSD404,NLHC LC-II-G9,Right,48
CSD404,NLHC LC-II-G10,Right,19
CSD411,NLHC LC-II-G16,Right,35
CSD411,NLHC LC-II-C1,Right,24
CSD411,NLHC LC-II-C2,Right,24
CSD411,NLHC LC-II-C3,Right,24
CSD411,NLHC LC-II-C4,Right,6
CSD501,NLHC LC-II-C7,Right,11
CSD501,NLHC LC-II-C8,Right,7
CSD509,LC-I-C5,Right,12
CSD509,PET1,Left,8
CSD511,NLHC LC-II-G1,Right,48
CSD511,NLHC LC-II-G2,Left,8
CSD511,NLHC LC-II-G2,Single,4
CSD511,NLHC LC-II-G3,Left,48
CSD511,NLHC LC-II-G3,Single,4
CSD511,NLHC LC-II-G4,Left,13
CSD520,LC-I-C3,Right,44
CSE201,NLHC LC-II-G3,Right,12
CSE201,NLHC LC-II-G4,Right,48
CSE201,NLHC LC-II-G5,Right,48
CSE201,NLHC LC-II-G6,Left,14
CSE201,NLHC LC-II-G6,Single,4
CSE201,NLHC LC-II-G7,Left,48
CSE201,NLHC LC-II-G7,Single,4
CSE201,NLHC LC-II-G8,Left,48
CSE201,NLHC LC-II-G8,Single,4
CSE201,NLHC LC-II-G9,Left,48
CSE201,NLHC LC-II-G9,Single,4
CSE201,NLHC LC-II-G10,Left,48
CSE201,NLHC LC-II-G10,Single,4
CSE201,NLHC LC-II-G11,Left,16
CSO303,NLHC LC-II-G2,Right,48
CSO303,NLHC LC-II-G3,Left,10
CSO303,NLHC LC-II-G3,Single,4
CSO303,NLHC LC-II-G4,Left,3
CSO304,NLHC LC-II-G11,Right,7
CSO304,NLHC LC-II-G12,Left,30
CSO404,NLHC LC-II-G5,Right,20
CSO404,NLHC LC-II-G6,Left,7
CSO404,NLHC LC-II-G6,Single,4
CSO404,NLHC LC-II-G7,Left,31
CSO504,NLHC LC-II-G11,Right,48
CSO504,NLHC LC-II-G12,Left,13
CSO504,NLHC LC-II-G12,Single,4
CSO504,NLHC LC-II-G13,Left,33
CSO505,NLHC LC-II-G1,Right,48
CSO505,NLHC LC-II-G2,Left,9
CSO505,NLHC LC-II-G2,Single,4
CSO505,NLHC LC-II-G3,Left,48
CSO505,NLHC LC-II-G3,Single,3
CYC514,PET1,Right,48
CYC514,PET2,Right,12
CYC515,NLHC LC-II-G16,Right,48
CYC515,NLHC LC-II-C1,Left,10
CYC516,NLHC LC-II-C9,Right,24
CYC516,NLHC LC-II-C10,Right,24
CYC516,NLHC LC-II-C11,Left,13
CYD512,NLHC LC-II-C6,Right,7
CYD512,NLHC LC-II-C7,Right,22
CYD515,LC-I-C5,Right,20
CYD522,NLHC LC-II-C7,Right,6
CYD532,NLHC LC-II-G16,Left,41
CYD534,LC-I-C1,Right,18
CYD536,NLHC LC-II-G11,Right,48
CYD536,NLHC LC-II-G12,Right,34
ECC201,NLHC LC-II-C5,Right,6
ECC201,NLHC LC-II-C6,Right,24
ECC201,NLHC LC-II-C7,Right,24
ECC201,NLHC LC-II-C8,Right,24
ECC201,NLHC LC-II-C9,Right,24
ECC201,NLHC LC-II-C10,Left,16
ECC201,NLHC LC-II-C11,Left,22
ECC202,NLHC LC-II-C5,Right,24
ECC202,NLHC LC-II-C6,Left,6
ECC202,NLHC LC-II-C7,Left,24
ECC202,NLHC LC-II-C8,Left,24
ECC202,NLHC LC-II-C9,Left,24
ECC202,NLHC LC-II-C10,Left,24
ECC202,NLHC LC-II-C11,Left,8
ECC203,NLHC LC-II-C13,Right,3
ECC203,NLHC LC-II-C14,Right,24
ECC203,LC-I-C1,Left,40
ECC203,LC-I-C1,Single,2
ECC203,LC-I-C2,Left,48
ECC203,LC-I-C2,Single,2
ECC203,LC-I-C3,Left,16
ECC301,NLHC LC-II-G6,Right,48
ECC301,NLHC LC-II-G7,Left,14
ECC301,NLHC LC-II-G7,Single,4
ECC301,NLHC LC-II-G8,Left,48
ECC301,NLHC LC-II-G8,Single,4
ECC301,NLHC LC-II-G9,Left,22
ECC302,NLHC LC-II-G10,Right,48
ECC302,NLHC LC-II-G11,Right,48
ECC302,NLHC LC-II-G12,Left,28
ECC302,NLHC LC-II-G12,Single,4
ECC302,NLHC LC-II-G13,Left,13
ECC303,NLHC LC-II-G5,Right,48
ECC303,NLHC LC-II-G6,Right,48
ECC303,NLHC LC-II-G7,Left,14
ECC303,NLHC LC-II-G7,Single,4
ECC303,NLHC LC-II-G8,Left,24
ECC501,PET1,Right,27
ECD403,NLHC LC-II-G12,Right,13
ECD403,NLHC LC-II-G13,Right,48
ECD403,NLHC LC-II-G14,Right,42
ECD405,LC-I-C1,Right,48
ECD405,LC-I-C2,Right,48
ECD405,LC-I-C3,Left,33
ECD415,NLHC LC-II-C6,Right,4
ECD542,NLHC LC-II-C4,Right,18
ECD542,NLHC LC-II-C5,Right,18
ECE301,NLHC LC-II-G10,Right,48
ECE301,NLHC LC-II-G11,Right,48
ECE301,NLHC LC-II-G12,Right,48
ECE301,NLHC LC-II-G12,Single,4
ECE301,NLHC LC-II-G13,Left,12
ECO302,NLHC LC-II-G15,Right,13
ECO501,NLHC LC-II-C2,Right,10
ECO561,NLHC LC-II-C3,Right,12
EEC201,NLHC LC-II-C3,Right,12
EEC201,NLHC LC-II-C4,Left,6
EEC201,NLHC LC-II-C5,Left,24
EEC201,NLHC LC-II-C6,Left,24
EEC201,NLHC LC-II-C7,Left,24
EEC201,NLHC LC-II-C8,Left,24
EEC201,NLHC LC-II-C9,Left,24
EEC202,LC-I-C3,Right,48
EEC202,LC-I-C4,Right,48
EEC202,LC-I-C5,Left,3
EEC202,LC-I-C5,Single,2
EEC202,PET1,Left,35
EEC203,NLHC LC-II-C6,Right,20
EEC203,NLHC LC-II-C7,Right,24
EEC203,NLHC LC-II-C8,Right,24
EEC203,NLHC LC-II-C9,Right,24
EEC203,NLHC LC-II-C10,Right,24
EEC203,NLHC LC-II-C11,Left,16
EEC203,NLHC LC-II-C12,Left,3
EEC308,NLHC LC-II-G1,Right,48
EEC308,NLHC LC-II-G2,Right,48
EEC308,NLHC LC-II-G3,Right,43
EEC309,NLHC LC-II-G1,Right,48
EEC309,NLHC LC-II-G1,Single,1
EEC309,NLHC LC-II-G2,Left,48
EEC309,NLHC LC-II-G2,Single,4
EEC309,NLHC LC-II-G3,Left,38
EEC310,NLHC LC-II-G2,Right,23
EEC310,NLHC LC-II-G3,Right,48
EEC310,NLHC LC-II-G4,Left,34
EEC310,NLHC LC-II-G4,Single,4
EEC310,NLHC LC-II-G5,Left,32
EEC501,PET1,Left,6
EEC502,NLHC LC-II-G11,Right,3
EEC502,NLHC LC-II-G12,Left,29
EEC504,LC-I-C5,Left,5
EEC504,LC-I-C5,Single,2
EEC504,PET1,Left,30
EEC505,NLHC LC-II-G12,Left,10
EEC505,NLHC LC-II-G12,Single,4
EEC505,NLHC LC-II-G13,Left,14
EEC509,NLHC LC-II-G12,Right,23
EED401,NLHC LC-II-C11,Right,24
EED401,NLHC LC-II-C12,Right,24
EED401,NLHC LC-II-C13,Left,12
EED401,NLHC LC-II-C14,Left,24
EED401,LC-I-C1,Left,45
EED402,NLHC LC-II-G12,Left,10
EED403,NLHC LC-II-C14,Right,24
EED403,LC-I-C1,Left,44
EED403,LC-I-C1,Single,2
EED403,LC-I-C2,Left,48
EED403,LC-I-C2,Single,2
EED403,LC-I-C3,Left,9
EEE202,NLHC LC-II-G9,Single,1
EEE202,NLHC LC-II-G10,Left,48
EEE202,NLHC LC-II-G10,Single,4
EEE202,NLHC LC-II-G11,Left,48
EEE202,NLHC LC-II-G11,Single,4
EEE202,NLHC LC-II-G12,Left,48
EEO403,NLHC LC-II-C1,Left,3
EEO403,NLHC LC-II-C2,Left,18
EEO404,NLHC LC-II-G4,Right,48
EEO404,NLHC LC-II-G5,Right,28
EEO405,NLHC LC-II-G9,Right,14
ESC201,NLHC LC-II-G8,Right,41
ESC202,NLHC LC-II-C12,Right,24
ESC202,NLHC LC-II-C13,Right,15
ESC203,LC-I-C2,Right,15
ESC203,LC-I-C3,Left,22
ESC308,NLHC LC-II-G4,Right,37
ESC309,NLHC LC-II-G6,Left,1
ESC309,NLHC LC-II-G6,Single,4
ESC309,NLHC LC-II-G7,Left,34
ESC310,NLHC LC-II-C10,Right,10
ESC310,NLHC LC-II-C11,Right,24
ESC310,NLHC LC-II-C12,Left,2
ESC501,NLHC LC-II-G14,Right,9
ESC501,NLHC LC-II-G15,Right,48
ESC501,NLHC LC-II-G15,Single,2
ESC501,NLHC LC-II-G16,Left,4
ESC504,NLHC LC-II-C13,Right,24
ESC504,NLHC LC-II-C14,Right,24
ESC504,LC-I-C1,Left,7
ESC504,LC-I-C1,Single,2
ESC504,LC-I-C2,Left,3
ESC509,NLHC LC-II-C9,Right,7
ESC509,NLHC LC-II-C10,Left,16
ESC509,NLHC LC-II-C11,Left,24
ESC509,NLHC LC-II-C12,Left,6
ESD401,NLHC LC-II-G14,Right,46
ESD401,NLHC LC-II-G15,Left,30
ESD405,NLHC LC-II-G1,Right,48
ESD405,NLHC LC-II-G2,Right,33
ESD502,LC-I-C3,Left,29
ESD502,LC-I-C3,Single,2
ESD502,LC-I-C4,Left,1
ESD503,NLHC LC-II-G15,Right,5
ESD503,NLHC LC-II-G16,Left,36
ESD503,NLHC LC-II-G16,Single,4
ESD503,NLHC LC-II-C1,Left,11
ESD504,LC-I-C3,Right,13
ESD511,NLHC LC-II-G16,Right,40
ESD512,NLHC LC-II-C5,Right,20
ESD512,NLHC LC-II-C6,Left,6
ESD512,NLHC LC-II-C7,Left,24
ESE201,NLHC LC-II-G1,Left,48
ESE201,NLHC LC-II-G1,Single,4
ESE201,NLHC LC-II-G2,Left,48
ESE201,NLHC LC-II-G2,Single,4
ESE201,NLHC LC-II-G3,Left,48
ESE201,NLHC LC-II-G3,Single,4
ESE201,NLHC LC-II-G4,Left,48
ESE201,NLHC LC-II-G4,Single,4
ESE201,NLHC LC-II-G5,Left,48
ESE201,NLHC LC-II-G5,Single,4
ESE201,NLHC LC-II-G6,Left,34
ESO401,NLHC LC-II-G3,Right,48
ESO401,NLHC LC-II-G4,Left,13
ESO401,NLHC LC-II-G4,Single,4
ESO401,NLHC LC-II-G5,Left,41
ESO405,NLHC LC-II-G1,Left,48
ESO405,NLHC LC-II-G1,Single,4
ESO405,NLHC LC-II-G2,Left,39
FMC201,LC-I-C1,Right,3
FMC201,LC-I-C2,Right,33
FMC202,NLHC LC-II-C1,Right,24
FMC202,NLHC LC-II-C2,Right,12
FMC203,NLHC LC-II-G11,Right,1
FMC203,NLHC LC-II-G12,Left,24
FMC203,NLHC LC-II-G12,Single,4
FMC203,NLHC LC-II-G13,Left,7
FMC301,NLHC LC-II-G7,Right,38
FMC302,NLHC LC-II-C9,Right,24
FMC302,NLHC LC-II-C10,Right,14
FMC503,PET2,Right,3
FMC504,PET2,Left,1
FMC506,PET1,Right,28
FMC506,PET2,Left,8
FMC509,NLHC LC-II-C5,Right,14
FMC509,NLHC LC-II-C6,Right,6
FMD401,NLHC LC-II-G6,Right,48
FMD401,NLHC LC-II-G7,Left,1
FMD402,NLHC LC-II-G2,Right,16
FMD403,NLHC LC-II-G15,Right,48
FMD403,NLHC LC-II-G16,Right,10
FMD461,NLHC LC-II-G11,Right,11
FMD461,NLHC LC-II-G12,Right,35
FMD515,NLHC LC-II-C2,Right,21
FME221,NLHC LC-II-G15,Left,10
FME221,NLHC LC-II-G15,Single,4
FME221,NLHC LC-II-G16,Left,48
FME221,NLHC LC-II-G16,Single,4
FME221,NLHC LC-II-C1,Left,6
FMO545,NLHC LC-II-G13,Right,22
FMO547,NLHC LC-II-G16,Right,38
GLC201,LC-I-C4,Right,13
GLC202,NLHC LC-II-G15,Left,28
GLC202,NLHC LC-II-G15,Single,4
GLC501,PET3,Right,30
GLC501,Mech Dept Gallery 01,Left,25
GLC501,Mech Dept Gallery 02,Left,16
GLC502,NLHC LC-II-G13,Right,48
GLC502,NLHC LC-II-G14,Left,42
GLC502,NLHC LC-II-G14,Single,4
GLC503,LC-I-C4,Left,18
GLC503,LC-I-C4,Single,2
GLC503,LC-I-C5,Left,48
GLC503,LC-I-C5,Single,2
GLC503,PET1,Left,12
GLC504,NLHC LC-II-G13,Right,15
GLC511,NLHC LC-II-C3,Right,9
GLC511,NLHC LC-II-C4,Right,24
GLC511,NLHC LC-II-C5,Left,8
GLC511,NLHC LC-II-C6,Left,24
GLC511,NLHC LC-II-C7,Left,9
GLC518,NLHC LC-II-C2,Right,14
GLC518,NLHC LC-II-C3,Left,2
GLC518,NLHC LC-II-C4,Left,24
GLC518,NLHC LC-II-C5,Left,24
GLC518,NLHC LC-II-C6,Left,18
GLC519,Mech Dept Gallery 02,Right,48
GLC519,Mech Dept ED Hall Ext,Single,39
GLC520,NLHC LC-II-G7,Right,34
GLC520,NLHC LC-II-G8,Right,48
GLC520,NLHC LC-II-G9,Left,3
GLC520,NLHC LC-II-G9,Single,1
GLC552,NLHC LC-II-C11,Right,23
GLC553,Mech Dept ED Hall Ext,Single,7
GLD521,NLHC LC-II-C2,Left,6
GLD521,NLHC LC-II-C3,Left,19
GLD522,NLHC LC-II-C1,Right,14
GLD576,NLHC LC-II-C5,Right,13
GLD591,NLHC LC-II-C2,Right,6
GLD591,NLHC LC-II-C3,Left,5
GLD591,NLHC LC-II-C4,Left,24
GLD591,NLHC LC-II-C5,Left,16
GLE201,NLHC LC-II-G16,Right,38
GLE201,NLHC LC-II-C1,Left,18
GLE201,NLHC LC-II-C2,Left,24
GLE201,NLHC LC-II-C3,Left,24
GLE201,NLHC LC-II-C4,Left,24
GLE201,NLHC LC-II-C5,Left,24
GLE201,NLHC LC-II-C6,Left,24
GLE201,NLHC LC-II-C7,Left,24
GLE201,NLHC LC-II-C8,Left,24
GLE201,NLHC LC-II-C9,Left,19
GLO523,NLHC LC-II-G8,Right,4
GLO523,NLHC LC-II-G9,Right,44
GLO532,NLHC LC-II-G10,Right,48
GLO532,NLHC LC-II-G11,Right,41
GPC201,NLHC LC-II-C2,Right,18
GPC202,PET3,Right,18
GPC501,NLHC LC-II-G13,Left,21
GPC501,NLHC LC-II-G13,Single,4
GPC501,NLHC LC-II-G14,Left,6
GPC502,NLHC LC-II-G13,Right,19
GPC504,NLHC LC-II-G13,Right,48
GPC504,NLHC LC-II-G14,Left,15
GPC516,PET1,Left,1
GPC516,PET1,Single,3
GPC516,PET2,Left,48
GPC516,PET2,Single,1
GPC517,NLHC LC-II-G14,Left,22
GPC517,NLHC LC-II-G14,Single,4
GPC517,NLHC LC-II-G15,Left,27
GPC532,NLHC LC-II-C14,Right,24
GPC532,LC-I-C1,Left,3
GPD501,NLHC LC-II-G12,Right,24
GPD501,NLHC LC-II-G13,Left,15
GPD501,NLHC LC-II-G13,Single,4
GPD501,NLHC LC-II-G14,Left,12
GPD502,NLHC LC-II-G9,Right,34
GPD502,NLHC LC-II-G9,Single,2
GPD503,NLHC LC-II-G6,Right,37
GPE202,NLHC LC-II-G1,Left,48
GPE202,NLHC LC-II-G1,Single,4
GPE202,NLHC LC-II-G2,Left,48
GPE202,NLHC LC-II-G2,Single,4
GPE202,NLHC LC-II-G3,Left,48
GPE202,NLHC LC-II-G3,Single,4
GPE202,NLHC LC-II-G4,Left,48
GPE202,NLHC LC-II-G4,Single,4
GPE202,NLHC LC-II-G5,Left,48
GPE202,NLHC LC-II-G5,Single,4
GPE202,NLHC LC-II-G6,Left,48
GPE202,NLHC LC-II-G6,Single,4
GPE202,NLHC LC-II-G7,Left,5
GPO501,NLHC LC-II-G7,Right,48
GPO501,NLHC LC-II-G8,Left,4
GPO501,NLHC LC-II-G8,Single,4
GPO501,NLHC LC-II-G9,Left,48
GPO501,NLHC LC-II-G9,Single,4
GPO501,NLHC LC-II-G10,Left,8
HSC519,NLHC LC-II-C6,Right,8
HSC526,NLHC LC-II-G15,Left,9
HSC528,NLHC LC-II-C11,Right,9
HSD405,NLHC LC-II-G5,Right,7
HSD405,NLHC LC-II-G6,Right,48
HSD405,NLHC LC-II-G7,Right,48
HSD405,NLHC LC-II-G8,Right,5
HSD507,NLHC LC-II-G1,Right,48
HSD507,NLHC LC-II-G2,Right,47
HSD525,NLHC LC-II-C1,Right,24
HSD525,NLHC LC-II-C2,Right,24
HSD525,NLHC LC-II-C3,Right,21
HSD559,NLHC LC-II-G11,Left,30
HSD559,NLHC LC-II-G11,Single,4
HSD559,NLHC LC-II-G12,Left,48
HSD559,NLHC LC-II-G12,Single,4
HSD559,NLHC LC-II-G13,Left,1
HSO309,NLHC LC-II-G6,Right,48
HSO309,NLHC LC-II-G7,Left,17
HSO309,NLHC LC-II-G7,Single,4
HSO309,NLHC LC-II-G8,Left,44
HSO402,NLHC LC-II-G9,Right,40
HSO402,NLHC LC-II-G10,Right,8
HSO403,NLHC LC-II-G6,Right,48
HSO403,NLHC LC-II-G7,Right,48
HSO403,NLHC LC-II-G8,Right,8
HSO404,NLHC LC-II-G1,Left,48
HSO404,NLHC LC-II-G1,Single,4
HSO404,NLHC LC-II-G2,Left,48
HSO404,NLHC LC-II-G2,Single,4
HSO404,NLHC LC-II-G3,Left,7
MCC201,NLHC LC-II-G13,Left,3
MCC201,NLHC LC-II-G13,Single,4
MCC201,NLHC LC-II-G14,Left,48
MCC201,NLHC LC-II-G14,Single,4
MCC201,NLHC LC-II-G15,Left,3
MCC202,NLHC LC-II-G15,Right,48
MCC202,NLHC LC-II-G16,Left,15
MCC203,NLHC LC-II-C10,Right,24
MCC203,NLHC LC-II-C11,Left,2
MCC203,NLHC LC-II-C12,Left,24
MCC203,NLHC LC-II-C13,Left,12
MCC301,NLHC LC-II-G12,Right,14
MCC301,NLHC LC-II-G13,Left,47
MCC301,NLHC LC-II-G13,Single,1
MCC502,NLHC LC-II-G9,Right,48
MCC502,NLHC LC-II-G10,Left,28
MCC502,NLHC LC-II-G10,Single,4
MCC502,NLHC LC-II-G11,Left,45
MCC503,LC-I-C4,Right,24
MCC503,LC-I-C5,Left,9
MCC503,LC-I-C5,Single,2
MCC503,PET1,Left,30
MCC505,NLHC LC-II-G1,Left,48
MCC505,NLHC LC-II-G1,Single,4
MCC505,NLHC LC-II-G2,Left,48
MCC505,NLHC LC-II-G2,Single,4
MCC505,NLHC LC-II-G3,Left,48
MCC505,NLHC LC-II-G3,Single,4
MCC505,NLHC LC-II-G4,Left,48
MCC505,NLHC LC-II-G4,Single,4
MCC505,NLHC LC-II-G5,Left,48
MCC505,NLHC LC-II-G5,Single,4
MCC505,NLHC LC-II-G6,Left,48
MCC505,NLHC LC-II-G6,Single,4
MCC505,NLHC LC-II-G7,Left,48
MCC505,NLHC LC-II-G7,Single,4
MCC505,NLHC LC-II-G8,Left,48
MCC505,NLHC LC-II-G8,Single,4
MCC505,NLHC LC-II-G9,Left,48
MCC505,NLHC LC-II-G9,Single,4
MCC505,NLHC LC-II-G10,Left,48
MCC505,NLHC LC-II-G10,Single,4
MCC505,NLHC LC-II-G11,Left,48
MCC505,NLHC LC-II-G11,Single,4
MCC505,NLHC LC-II-G12,Left,24
MCC514,Mech Dept Gallery 01,Right,48
MCC514,Mech Dept Gallery 02,Left,2
MCC515,Mech Dept Gallery 01,Right,48
MCC515,Mech Dept Gallery 02,Left,5
MCC516,NLHC LC-II-C11,Right,24
MCC516,NLHC LC-II-C12,Left,21
MCC516,NLHC LC-II-C13,Left,13
MCC517,NLHC LC-II-C6,Right,4
MCC517,NLHC LC-II-C7,Right,24
MCC517,NLHC LC-II-C8,Left,24
MCC517,NLHC LC-II-C9,Left,1
MCC532,LC-I-C3,Right,8
MCC532,LC-I-C4,Left,13
MCC533,LC-I-C5,Right,1
MCC534,NLHC LC-II-C13,Left,9
MCC534,NLHC LC-II-C14,Left,11
MCD531,NLHC LC-II-G13,Right,7
MCD531,NLHC LC-II-G14,Right,48
MCD531,NLHC LC-II-G15,Right,43
MCD533,NLHC LC-II-G7,Left,23
MCD533,NLHC LC-II-G7,Single,4
MCD533,NLHC LC-II-G8,Left,48
MCD533,NLHC LC-II-G8,Single,4
MCD533,NLHC LC-II-G9,Left,45
MCD541,LC-I-C3,Right,35
MCD541,LC-I-C4,Left,29
MCD557,NLHC LC-II-G13,Left,10
MCD557,NLHC LC-II-G13,Single,4
MCD557,NLHC LC-II-G14,Left,11
MCO401,NLHC LC-II-G3,Right,48
MCO401,NLHC LC-II-G4,Left,37
MCO403,NLHC LC-II-G4,Right,48
MCO403,NLHC LC-II-G5,Left,7
MCO403,NLHC LC-II-G5,Single,4
MCO403,NLHC LC-II-G6,Left,13
MCO502,PET3,Left,27
MCO502,PET3,Single,3
MCO502,Mech Dept Gallery 01,Left,28
MEC201,NLHC LC-II-G16,Right,48
MEC201,NLHC LC-II-C1,Right,24
MEC201,NLHC LC-II-C2,Right,24
MEC201,NLHC LC-II-C3,Right,12
MEC202,LC-I-C3,Left,10
MEC202,LC-I-C3,Single,2
MEC202,LC-I-C4,Left,48
MEC202,LC-I-C4,Single,2
MEC202,LC-I-C5,Left,45
MEC203,NLHC LC-II-G14,Right,48
MEC203,NLHC LC-II-G15,Left,21
MEC203,NLHC LC-II-G15,Single,4
MEC203,NLHC LC-II-G16,Left,37
MEC301,NLHC LC-II-G9,Right,4
MEC301,NLHC LC-II-G10,Left,40
MEC301,NLHC LC-II-G10,Single,4
MEC301,NLHC LC-II-G11,Left,48
MEC301,NLHC LC-II-G11,Single,4
MEC301,NLHC LC-II-G12,Left,20
MEC302,NLHC LC-II-G4,Right,14
MEC302,NLHC LC-II-G5,Left,16
MEC302,NLHC LC-II-G5,Single,4
MEC302,NLHC LC-II-G6,Left,48
MEC302,NLHC LC-II-G6,Single,4
MEC302,NLHC LC-II-G7,Left,34
MEC303,NLHC LC-II-G7,Right,48
MEC303,NLHC LC-II-G8,Right,48
MEC303,NLHC LC-II-G9,Left,20
MEC500,Mech Dept ED Hall Ext,Single,3
MEC501,LC-I-C4,Right,17
MEC502,Mech Dept Gallery 02,Left,42
MEC502,Mech Dept ED Hall Ext,Single,9
MEC507,LC-I-C2,Right,48
MEC507,LC-I-C3,Right,4
MEC508.,NLHC LC-II-G13,Right,12
MEC514,LC-I-C3,Right,33
MEC514,LC-I-C4,Left,6
MEC514,LC-I-C4,Single,2
MEC514,LC-I-C5,Left,2
MEC516.,NLHC LC-II-G14,Left,12
MED401,NLHC LC-II-C13,Right,24
MED401,NLHC LC-II-C14,Right,24
MED401,LC-I-C1,Left,3
MED401,LC-I-C1,Single,2
MED401,LC-I-C2,Left,48
MED401,LC-I-C2,Single,2
MED401,LC-I-C3,Left,15
MED403,NLHC LC-II-G7,Left,39
MED403,NLHC LC-II-G7,Single,4
MED403,NLHC LC-II-G8,Left,22
MED503,NLHC LC-II-G11,Right,45
MED513,NLHC LC-II-G11,Right,45
MED515,LC-I-C4,Right,2
MED539,LC-I-C1,Right,48
MED539,LC-I-C2,Right,1
MED540,NLHC LC-II-G2,Right,48
MED540,NLHC LC-II-G3,Right,30
MED549,NLHC LC-II-G1,Left,48
MED549,NLHC LC-II-G1,Single,4
MED549,NLHC LC-II-G2,Left,40
MEE201,NLHC LC-II-G1,Right,48
MEE201,NLHC LC-II-G2,Right,48
MEE201,NLHC LC-II-G3,Right,48
MEE201,NLHC LC-II-G4,Right,48
MEE201,NLHC LC-II-G5,Right,48
MEE201,NLHC LC-II-G6,Right,48
MEE201,NLHC LC-II-G7,Right,22
MEO302,NLHC LC-II-G13,Right,29
MEO528,NLHC LC-II-C3,Right,6
MEO534,NLHC LC-II-G16,Right,10
MEO534,NLHC LC-II-C1,Right,17
MEO579,NLHC LC-II-C13,Right,9
MEO579,NLHC LC-II-C14,Left,5
MEO579,LC-I-C1,Left,4
MEO591,NLHC LC-II-G14,Left,8
MEO591,NLHC LC-II-G14,Single,4
MEO591,NLHC LC-II-G15,Left,46
MMC201,NLHC LC-II-G15,Right,35
MMC201,NLHC LC-II-G16,Left,9
MMC202,NLHC LC-II-G8,Right,7
MMC202,NLHC LC-II-G9,Left,37
MMC203,NLHC LC-II-C12,Right,24
MMC203,NLHC LC-II-C13,Right,21
MMC301,NLHC LC-II-G6,Left,43
MMC302,NLHC LC-II-G15,Right,42
MME202,NLHC LC-II-G10,Right,40
MME202,NLHC LC-II-G11,Left,32
MME202,NLHC LC-II-G11,Single,4
MME202,NLHC LC-II-G12,Left,48
MME202,NLHC LC-II-G12,Single,4
MME202,NLHC LC-II-G13,Left,27
MMO301,NLHC LC-II-G10,Right,3
MMO301,NLHC LC-II-G11,Right,47
MMO504,NLHC LC-II-G13,Left,7
MNC200,LC-I-C2,Left,22
MNC200,LC-I-C2,Single,2
MNC200,LC-I-C3,Left,48
MNC200,LC-I-C3,Single,2
MNC200,LC-I-C4,Left,20
MNC201,NLHC LC-II-G16,Left,3
MNC201,NLHC LC-II-G16,Single,4
MNC201,NLHC LC-II-C1,Left,24
MNC201,NLHC LC-II-C2,Left,24
MNC201,NLHC LC-II-C3,Left,24
MNC201,NLHC LC-II-C4,Left,18
MNC202,NLHC LC-II-G14,Right,48
MNC202,NLHC LC-II-G15,Left,48
MNC202,NLHC LC-II-G15,Single,4
MNC202,NLHC LC-II-G16,Left,1
MNC300,NLHC LC-II-G3,Right,5
MNC300,NLHC LC-II-G4,Left,43
MNC300,NLHC LC-II-G4,Single,4
MNC300,NLHC LC-II-G5,Left,48
MNC300,NLHC LC-II-G5,Single,4
MNC301,NLHC LC-II-G14,Right,46
MNC301,NLHC LC-II-G15,Left,28
MNC301,NLHC LC-II-G15,Single,4
MNC301,NLHC LC-II-G16,Left,25
MNC504,NLHC LC-II-C12,Right,24
MNC504,NLHC LC-II-C13,Left,11
MNC504,NLHC LC-II-C14,Left,24
MNC504,LC-I-C1,Left,41
MNC524,PET1,Right,20
MNC525,LC-I-C5,Right,3
MNC536,NLHC LC-II-C8,Right,24
MNC536,NLHC LC-II-C9,Left,23
MNC536,NLHC LC-II-C10,Left,24
MNC536,NLHC LC-II-C11,Left,3
MNC539,PET2,Right,36
MNC539,PET2,Single,2
MNC539,PET3,Left,21
MND400,NLHC LC-II-G10,Right,29
MND400,NLHC LC-II-G11,Right,37
MND401,NLHC LC-II-G14,Right,6
MND401,NLHC LC-II-G15,Right,48
MND401,NLHC LC-II-G16,Right,13
MND402,LC-I-C3,Left,6
MND402,LC-I-C3,Single,2
MND402,LC-I-C4,Left,48
MND402,LC-I-C4,Single,2
MND402,LC-I-C5,Left,39
MND403,NLHC LC-II-G12,Right,24
MND405,NLHC LC-II-G4,Left,2
MND405,NLHC LC-II-G4,Single,4
MND405,NLHC LC-II-G5,Left,48
MND405,NLHC LC-II-G5,Single,4
MND405,NLHC LC-II-G6,Left,41
MND406,NLHC LC-II-G8,Right,40
MND406,NLHC LC-II-G9,Right,8
MND500,PET1,Left,8
MND500,PET1,Single,3
MND500,PET2,Left,26
MND510,NLHC LC-II-C7,Right,24
MND510,NLHC LC-II-C8,Right,16
MND540,NLHC LC-II-C4,Right,24
MND540,NLHC LC-II-C5,Right,10
MNE201,NLHC LC-II-G2,Right,15
MNE201,NLHC LC-II-G3,Right,48
MNE201,NLHC LC-II-G4,Right,48
MNE201,NLHC LC-II-G5,Right,41
MNO301,NLHC LC-II-G3,Right,48
MNO301,NLHC LC-II-G4,Left,30
MNO303,NLHC LC-II-G8,Right,48
MNO303,NLHC LC-II-G9,Right,33
MSC501,NLHC LC-II-G11,Right,48
MSC501,NLHC LC-II-G12,Right,48
MSC501,NLHC LC-II-G13,Left,11
MSC504,NLHC LC-II-C3,Right,12
MSC504,NLHC LC-II-C4,Right,24
MSC504,NLHC LC-II-C5,Right,24
MSC504,NLHC LC-II-C6,Right,24
MSC504,NLHC LC-II-C7,Right,24
MSC504,NLHC LC-II-C8,Right,15
MSC507,NLHC LC-II-G13,Left,29
MSC507,NLHC LC-II-G13,Single,4
MSC507,NLHC LC-II-G14,Left,48
MSC507,NLHC LC-II-G14,Single,4
MSC507,NLHC LC-II-G15,Left,48
MSC507,NLHC LC-II-G15,Single,2
MSC513.,LC-I-C4,Right,28
MSC514.,LC-I-C2,Right,28
MSC520,LC-I-C1,Right,21
MSC520,LC-I-C2,Left,7
MSC522,LC-I-C2,Left,32
MSC526,Mech Dept ED Hall Ext,Single,43
MSC527,LC-I-C4,Left,15
MSC527,LC-I-C4,Single,2
MSC527,LC-I-C5,Left,33
MSD501,PET3,Left,12
MSD501,PET3,Single,2
MSD502,NLHC LC-II-C3,Right,15
MSD503,Mech Dept ED Hall Ext,Single,16
MSD505,Mech Dept Gallery 02,Left,29
MSD505,Mech Dept ED Hall Ext,Single,24
MSD506,LC-I-C5,Right,48
MSD506,PET1,Left,10
MSD507,NLHC LC-II-G13,Right,37
MSD508,NLHC LC-II-G14,Left,17
MSD510,NLHC LC-II-G14,Left,5
MSD511,PET3,Right,6
MSD512,PET3,Right,6
MSD513,LC-I-C2,Right,13
MSD516,NLHC LC-II-C11,Right,1
MSD516,NLHC LC-II-C12,Left,5
MSD517,NLHC LC-II-C12,Left,2
MSD517,NLHC LC-II-C13,Left,1
MSD530,NLHC LC-II-C5,Right,10
MSD532,PET2,Right,41
MSD533,LC-I-C3,Right,36
MSD535,NLHC LC-II-C7,Right,5
MSO301,NLHC LC-II-G1,Left,48
MSO301,NLHC LC-II-G1,Single,4
MSO301,NLHC LC-II-G2,Left,48
MSO301,NLHC LC-II-G2,Single,4
MSO301,NLHC LC-II-G3,Left,35
MSO401,NLHC LC-II-G13,Left,26
MSO401,NLHC LC-II-G13,Single,4
MSO401,NLHC LC-II-G14,Left,48
MSO401,NLHC LC-II-G14,Single,4
MSO401,NLHC LC-II-G15,Left,48
MSO401,NLHC LC-II-G15,Single,4
MSO401,NLHC LC-II-G16,Left,12
MSO402,NLHC LC-II-G1,Right,48
MSO402,NLHC LC-II-G2,Right,48
MSO402,NLHC LC-II-G3,Left,41
MSO402,NLHC LC-II-G3,Single,4
MSO402,NLHC LC-II-G4,Left,9
MSO403,NLHC LC-II-G1,Right,48
MSO403,NLHC LC-II-G2,Right,48
MSO403,NLHC LC-II-G3,Right,36
MSO404,NLHC LC-II-G1,Right,48
MSO404,NLHC LC-II-G2,Right,48
MSO404,NLHC LC-II-G3,Left,13
MSO404,NLHC LC-II-G3,Single,4
MSO404,NLHC LC-II-G4,Left,35
NCEC101,NLHC LC-II-G14,Right,48
NCEC101,NLHC LC-II-G15,Right,18
NCED501,NLHC LC-II-C7,Right,2
NCED501,NLHC LC-II-C8,Right,13
NCED502,LC-I-C3,Right,11
NCED503,NLHC LC-II-C6,Right,12
NCED505,NLHC LC-II-C8,Right,11
NCED505,NLHC LC-II-C9,Left,7
NCED506,Mech Dept ED Hall Ext,Single,14
NCES101,NLHC LC-II-G1,Right,48
NCES101,NLHC LC-II-G2,Right,48
NCES101,NLHC LC-II-G3,Right,48
NCES101,NLHC LC-II-G4,Right,48
NCES101,NLHC LC-II-G5,Right,48
NCES101,NLHC LC-II-G6,Right,48
NCES101,NLHC LC-II-G7,Right,48
NCES101,NLHC LC-II-G8,Right,48
NCES101,NLHC LC-II-G9,Right,48
NCES101,NLHC LC-II-G10,Right,48
NCES101,NLHC LC-II-G11,Left,9
NCES101,NLHC LC-II-G11,Single,4
NCES101,NLHC LC-II-G12,Left,4
NCHC101,Mech Dept Gallery 01,Right,6
NCHC101,Mech Dept Gallery 02,Left,30
NCHC101,Mech Dept ED Hall Ext,Single,16
NCHC525,NLHC LC-II-G13,Right,24
NCHD502,LC-I-C5,Right,11
NCHD509,Mech Dept ED Hall Ext,Single,8
NCHD511,LC-I-C1,Right,2
NCHE101,PET1,Right,36
NCSC101,NLHC LC-II-C12,Right,24
NCSC101,NLHC LC-II-C13,Left,10
NCSC101,NLHC LC-II-C14,Left,24
NCSC101,LC-I-C1,Left,48
NCSC101,LC-I-C1,Single,2
NCSC101,LC-I-C2,Left,30
NCSC501.,PET1,Right,21
NCSC502.,NLHC LC-II-G13,Right,8
NCSC502.,NLHC LC-II-G13,Single,4
NCSC502.,NLHC LC-II-G14,Left,9
NCSC503,LC-I-C4,Right,28
NCSC503,LC-I-C5,Right,15
NCSC513.,NLHC LC-II-G13,Right,21
NCSD503.,LC-I-C4,Right,16
NCSD519.,NLHC LC-II-G12,Right,13
NCSD519.,NLHC LC-II-G13,Left,1
NCSD519.,NLHC LC-II-G13,Single,4
NCSD519.,NLHC LC-II-G14,Left,1
NCSD521,NLHC LC-II-C8,Right,17
NCSD521,NLHC LC-II-C9,Right,12
NCSD525,PET1,Left,5
NCSD525,PET1,Single,3
NCSD525,PET2,Left,24
NCSE101,LC-I-C2,Right,8
NCSE101,LC-I-C3,Left,19
NCSV101,NLHC LC-II-G1,Left,48
NCSV101,NLHC LC-II-G1,Single,4
NCSV101,NLHC LC-II-G2,Left,48
NCSV101,NLHC LC-II-G2,Single,4
NCSV101,NLHC LC-II-G3,Left,48
NCSV101,NLHC LC-II-G3,Single,4
NCSV101,NLHC LC-II-G4,Left,48
NCSV101,NLHC LC-II-G4,Single,4
NCSV101,NLHC LC-II-G5,Left,48
NCSV101,NLHC LC-II-G5,Single,4
NCSV101,NLHC LC-II-G6,Left,48
NCSV101,NLHC LC-II-G6,Single,4
NCSV101,NLHC LC-II-G7,Left,48
NCSV101,NLHC LC-II-G7,Single,4
NCSV101,NLHC LC-II-G8,Left,48
NCSV101,NLHC LC-II-G8,Single,4
NCSV101,NLHC LC-II-G9,Left,48
NCSV101,NLHC LC-II-G9,Single,4
NCSV101,NLHC LC-II-G10,Left,48
NCSV101,NLHC LC-II-G10,Single,4
NCSV101,NLHC LC-II-G11,Left,39
NCYC501,NLHC LC-II-G12,Right,25
NCYC502,PET2,Left,9
NCYC502,PET2,Single,3
NCYC502,PET3,Left,13
NCYC510,LC-I-C2,Right,45
NCYC510,LC-I-C3,Left,21
NCYC511,Mech Dept ED Hall Ext,Single,62
NCYC512,NLHC LC-II-G13,Left,25
NCYC512,NLHC LC-II-G13,Single,4
NCYC512,NLHC LC-II-G14,Left,37
NCYC513,NLHC LC-II-G12,Right,48
NCYC513,NLHC LC-II-G13,Left,23
NCYC514,NLHC LC-II-G12,Left,13
NCYC514,NLHC LC-II-G12,Single,4
NCYC514,NLHC LC-II-G13,Left,47
NCYD504,NLHC LC-II-G12,Right,19
NCYD507,LC-I-C5,Right,16
NCYD542,LC-I-C5,Right,6
NCYD542,PET1,Left,11
NCYD543,NLHC LC-II-G12,Right,6
NCYD543,NLHC LC-II-G13,Left,9
NCYI101,NLHC LC-II-C10,Left,11
NCYI101,NLHC LC-II-C11,Left,24
NCYI101,NLHC LC-II-C12,Left,1
NCYP001,PET1,Right,27
NCYP001,PET2,Left,12
NECC101,NLHC LC-II-C9,Right,24
NECC101,NLHC LC-II-C10,Right,24
NECC101,NLHC LC-II-C11,Right,24
NECC101,NLHC LC-II-C12,Right,24
NECC101,NLHC LC-II-C13,Right,24
NECC101,NLHC LC-II-C14,Right,2
NECC501,Mech Dept Gallery 01,Left,29
NECC501,Mech Dept Gallery 02,Left,17
NECC502,Mech Dept Gallery 01,Right,13
NECC503,Mech Dept Gallery 02,Right,8
NECC503,Mech Dept ED Hall Ext,Single,21
NECC508,PET1,Right,13
NECC509,LC-I-C1,Left,5
NECC509,LC-I-C1,Single,2
NECC509,LC-I-C2,Left,7
NECC511,LC-I-C3,Right,29
NECC512,Mech Dept Gallery 01,Right,31
NECC513,Mech Dept ED Hall Ext,Single,33
NECD508,LC-I-C2,Right,7
NECD508,LC-I-C3,Right,24
NECD509,NLHC LC-II-C13,Right,24
NECD509,NLHC LC-II-C14,Right,24
NECD509,LC-I-C1,Right,19
NECD510,LC-I-C1,Right,27
NECE101,PET2,Right,48
NECE101,PET3,Right,48
NECE101,Mech Dept Gallery 01,Right,48
NECE101,Mech Dept Gallery 02,Right,34
NEEC101,NLHC LC-II-C3,Right,2
NEEC101,NLHC LC-II-C4,Right,24
NEEC101,NLHC LC-II-C5,Left,23
NEEC101,NLHC LC-II-C6,Left,24
NEEC101,NLHC LC-II-C7,Left,24
NEEC101,NLHC LC-II-C8,Left,24
NEEC101,NLHC LC-II-C9,Left,5
NEEC502,NLHC LC-II-G12,Left,15
NEEC502,NLHC LC-II-G12,Single,4
NEEC502,NLHC LC-II-G13,Left,5
NEED501,NLHC LC-II-G12,Left,8
NEED503,LC-I-C3,Right,21
NEED504,NLHC LC-II-C9,Left,12
NEED504,NLHC LC-II-C10,Left,1
NEED506,NLHC LC-II-G11,Right,3
NEED506,NLHC LC-II-G12,Left,11
NEED507,NLHC LC-II-G12,Left,12
NEED508,LC-I-C4,Right,12
NEED509,PET2,Right,14
NEEE101,PET2,Left,12
NEEE101,PET2,Single,3
NEEE101,PET3,Left,48
NEEE101,PET3,Single,3
NEEE101,Mech Dept Gallery 01,Left,48
NEEE101,Mech Dept Gallery 02,Left,48
NEEE101,Mech Dept ED Hall Ext,Single,126
NESC101,NLHC LC-II-G15,Right,30
NESC101,NLHC LC-II-G16,Left,6
NESV101,NLHC LC-II-G1,Right,48
NESV101,NLHC LC-II-G2,Right,48
NESV101,NLHC LC-II-G3,Right,48
NESV101,NLHC LC-II-G4,Right,48
NESV101,NLHC LC-II-G5,Right,48
NESV101,NLHC LC-II-G6,Right,48
NESV101,NLHC LC-II-G7,Right,48
NESV101,NLHC LC-II-G8,Right,48
NESV101,NLHC LC-II-G9,Right,48
NESV101,NLHC LC-II-G10,Right,48
NESV101,NLHC LC-II-G11,Left,9
NESV101,NLHC LC-II-G11,Single,4
NESV101,NLHC LC-II-G12,Left,4
NFMC101,LC-I-C2,Right,40
NFMC501,LC-I-C3,Right,12
NFMC501,LC-I-C4,Right,8
NFMC502,Mech Dept Gallery 01,Right,4
NFMC502,Mech Dept Gallery 02,Left,32
NFMC502,Mech Dept ED Hall Ext,Single,5
NFMC503,LC-I-C3,Right,13
NFMC503,LC-I-C4,Left,21
NFMC513,LC-I-C1,Right,18
NFMC513,LC-I-C2,Right,9
NFMC514,NLHC LC-II-G13,Right,16
NFMC523,LC-I-C4,Left,21
NFMD501,NLHC LC-II-C9,Right,24
NFMD501,NLHC LC-II-C10,Left,12
NFMD502,LC-I-C4,Right,1
NFMD502,LC-I-C5,Left,41
NFMD504,NLHC LC-II-C5,Right,2
NFMD504,NLHC LC-II-C6,Right,17
NFME101,LC-I-C1,Right,6
NFME101,LC-I-C2,Left,18
NFME101,LC-I-C2,Single,2
NFME101,LC-I-C3,Left,26
NGLC101,LC-I-C5,Right,19
NGLC202,Mech Dept ED Hall Ext,Single,44
NGLE101,NLHC LC-II-C13,Right,24
NGLE101,NLHC LC-II-C14,Right,24
NGLE101,LC-I-C1,Right,42
NGPC101,LC-I-C5,Right,14
NGPC101,PET1,Right,5
NGPC501,LC-I-C2,Right,4
NGPC501,LC-I-C3,Right,15
NGPC502,LC-I-C5,Right,22
NGPC503,NLHC LC-II-G13,Left,20
NGPC513,PET3,Right,30
NGPC513,Mech Dept Gallery 01,Left,20
NGPC513,Mech Dept Gallery 02,Left,1
NGPC514,NLHC LC-II-C13,Left,1
NGPC514,NLHC LC-II-C14,Left,24
NGPC514,LC-I-C1,Left,48
NGPC514,LC-I-C1,Single,2
NGPC514,LC-I-C2,Left,37
NGPC515,PET3,Left,18
NGPC515,PET3,Single,3
NGPC515,Mech Dept Gallery 01,Left,23
NGPD505,NLHC LC-II-C5,Right,22
NHSA101,NLHC LC-II-G1,Right,48
NHSA101,NLHC LC-II-G2,Right,48
NHSA101,NLHC LC-II-G3,Right,48
NHSA101,NLHC LC-II-G4,Right,48
NHSA101,NLHC LC-II-G5,Right,48
NHSA101,NLHC LC-II-G6,Right,48
NHSA101,NLHC LC-II-G7,Right,48
NHSA101,NLHC LC-II-G8,Right,48
NHSA101,NLHC LC-II-G9,Right,48
NHSA101,NLHC LC-II-G10,Right,48
NHSA101,NLHC LC-II-G11,Left,9
NHSA101,NLHC LC-II-G11,Single,4
NHSA101,NLHC LC-II-G12,Left,4
NHSA103,NLHC LC-II-G1,Left,48
NHSA103,NLHC LC-II-G1,Single,4
NHSA103,NLHC LC-II-G2,Left,48
NHSA103,NLHC LC-II-G2,Single,4
NHSA103,NLHC LC-II-G3,Left,48
NHSA103,NLHC LC-II-G3,Single,4
NHSA103,NLHC LC-II-G4,Left,48
NHSA103,NLHC LC-II-G4,Single,4
NHSA103,NLHC LC-II-G5,Left,48
NHSA103,NLHC LC-II-G5,Single,4
NHSA103,NLHC LC-II-G6,Left,48
NHSA103,NLHC LC-II-G6,Single,4
NHSA103,NLHC LC-II-G7,Left,48
NHSA103,NLHC LC-II-G7,Single,4
NHSA103,NLHC LC-II-G8,Left,48
NHSA103,NLHC LC-II-G8,Single,4
NHSA103,NLHC LC-II-G9,Left,48
NHSA103,NLHC LC-II-G9,Single,4
NHSA103,NLHC LC-II-G10,Left,48
NHSA103,NLHC LC-II-G10,Single,4
NHSA103,NLHC LC-II-G11,Left,39
NHSC501,NLHC LC-II-G14,Right,18
NHSC501,NLHC LC-II-G15,Left,4
NHSC502,PET1,Left,1
NHSC502,PET1,Single,3
NHSC502,PET2,Left,21
NHSC503,LC-I-C4,Left,6
NHSC503,LC-I-C4,Single,2
NHSC503,LC-I-C5,Left,14
NHSC504,NLHC LC-II-C10,Right,14
NHSC504,NLHC LC-II-C11,Right,11
NHSC595,LC-I-C4,Right,19
NHSD503,NLHC LC-II-C11,Right,4
NHSD503,NLHC LC-II-C12,Left,8
NHSO401,Mech Dept ED Hall Ext,Single,2
NHSO402,NLHC LC-II-G15,Left,4
NHSP001,NLHC LC-II-G14,Left,27
NHSP001,NLHC LC-II-G14,Single,4
NHSP001,NLHC LC-II-G15,Left,8
NMCC101,NLHC LC-II-C14,Right,22
NMCC101,LC-I-C1,Right,30
NMCC501,PET2,Right,23
NMCC513,LC-I-C5,Right,48
NMCC513,PET1,Left,10
NMCC514,NLHC LC-II-C10,Right,24
NMCC514,NLHC LC-II-C11,Left,18
NMCC514,NLHC LC-II-C12,Left,17
NMCC516,PET3,Right,36
NMCC516,PET3,Single,1
NMCC516,Mech Dept Gallery 01,Left,19
NMCC517,NLHC LC-II-C13,Right,24
NMCC517,NLHC LC-II-C14,Left,13
NMCC517,LC-I-C1,Left,19
NMCE101,PET2,Right,34
NMCE101,PET3,Left,35
NMCE101,PET3,Single,3
NMCE101,Mech Dept Gallery 01,Left,48
NMCE101,Mech Dept Gallery 02,Left,18
NMCI101,NLHC LC-II-G1,Left,48
NMCI101,NLHC LC-II-G1,Single,4
NMCI101,NLHC LC-II-G2,Left,48
NMCI101,NLHC LC-II-G2,Single,4
NMCI101,NLHC LC-II-G3,Left,48
NMCI101,NLHC LC-II-G3,Single,4
NMCI101,NLHC LC-II-G4,Left,48
NMCI101,NLHC LC-II-G4,Single,4
NMCI101,NLHC LC-II-G5,Left,48
NMCI101,NLHC LC-II-G5,Single,4
NMCI101,NLHC LC-II-G6,Left,48
NMCI101,NLHC LC-II-G6,Single,4
NMCI101,NLHC LC-II-G7,Left,48
NMCI101,NLHC LC-II-G7,Single,4
NMCI101,NLHC LC-II-G8,Left,48
NMCI101,NLHC LC-II-G8,Single,4
NMCI101,NLHC LC-II-G9,Left,48
NMCI101,NLHC LC-II-G9,Single,4
NMCI101,NLHC LC-II-G10,Left,48
NMCI101,NLHC LC-II-G10,Single,4
NMCI101,NLHC LC-II-G11,Left,48
NMCI101,NLHC LC-II-G11,Single,4
NMCI101,NLHC LC-II-G12,Left,48
NMCI101,NLHC LC-II-G12,Single,4
NMCI101,NLHC LC-II-G13,Left,48
NMCI101,NLHC LC-II-G13,Single,4
NMCI101,NLHC LC-II-G14,Left,48
NMCI101,NLHC LC-II-G14,Single,4
NMCI101,NLHC LC-II-G15,Left,48
NMCI101,NLHC LC-II-G15,Single,4
NMCI101,NLHC LC-II-G16,Left,48
NMCI101,NLHC LC-II-G16,Single,4
NMCI101,NLHC LC-II-C1,Left,24
NMCI101,NLHC LC-II-C2,Left,24
NMCI101,NLHC LC-II-C3,Left,24
NMCI101,NLHC LC-II-C4,Left,24
NMCI101,NLHC LC-II-C5,Left,24
NMCI101,NLHC LC-II-C6,Left,24
NMCI101,NLHC LC-II-C7,Left,24
NMCI101,NLHC LC-II-C8,Left,24
NMCI101,NLHC LC-II-C9,Left,24
NMCI101,NLHC LC-II-C10,Left,8
NMCP001,NLHC LC-II-G13,Right,4
NMCP001,NLHC LC-II-G14,Left,11
NMCP001,NLHC LC-II-G14,Single,4
NMCP001,NLHC LC-II-G15,Left,20
NMEC101,NLHC LC-II-G15,Right,48
NMEC101,NLHC LC-II-G16,Right,48
NMEC101,NLHC LC-II-C1,Right,24
NMEC101,NLHC LC-II-C2,Right,24
NMEC101,NLHC LC-II-C3,Right,22
NMEC503,NLHC LC-II-G11,Right,45
NMEC507,NLHC LC-II-G13,Right,33
NMEC507,NLHC LC-II-G13,Single,3
NMEC507,NLHC LC-II-G14,Left,6
NMEC508,NLHC LC-II-G11,Right,3
NMEC508,NLHC LC-II-G12,Left,34
NMEC515,NLHC LC-II-C11,Left,8
NMEC515,NLHC LC-II-C12,Left,24
NMEC515,NLHC LC-II-C13,Left,6
NMED512,PET2,Left,16
NMED512,PET2,Single,3
NMED514,NLHC LC-II-G14,Right,34
NMED521,NLHC LC-II-C10,Left,20
NMED521,NLHC LC-II-C11,Left,6
NMED525,Mech Dept ED Hall Ext,Single,31
NMED531,NLHC LC-II-C5,Right,1
NMED531,NLHC LC-II-C6,Right,24
NMED531,NLHC LC-II-C7,Left,15
NMED531,NLHC LC-II-C8,Left,24
NMED531,NLHC LC-II-C9,Left,7
NMED532,NLHC LC-II-C9,Right,12
NMED532,NLHC LC-II-C10,Left,4
NMEE101,NLHC LC-II-G14,Right,14
NMEE101,NLHC LC-II-G15,Left,2
NMEE101,NLHC LC-II-G15,Single,4
NMEE101,NLHC LC-II-G16,Left,48
NMEE101,NLHC LC-II-G16,Single,4
NMEE101,NLHC LC-II-C1,Left,24
NMEE101,NLHC LC-II-C2,Left,24
NMEE101,NLHC LC-II-C3,Left,24
NMEE101,NLHC LC-II-C4,Left,24
NMEE101,NLHC LC-II-C5,Left,1
NMES101,NLHC LC-II-G1,Left,48
NMES101,NLHC LC-II-G1,Single,4
NMES101,NLHC LC-II-G2,Left,48
NMES101,NLHC LC-II-G2,Single,4
NMES101,NLHC LC-II-G3,Left,48
NMES101,NLHC LC-II-G3,Single,4
NMES101,NLHC LC-II-G4,Left,48
NMES101,NLHC LC-II-G4,Single,4
NMES101,NLHC LC-II-G5,Left,48
NMES101,NLHC LC-II-G5,Single,4
NMES101,NLHC LC-II-G6,Left,48
NMES101,NLHC LC-II-G6,Single,4
NMES101,NLHC LC-II-G7,Left,48
NMES101,NLHC LC-II-G7,Single,4
NMES101,NLHC LC-II-G8,Left,48
NMES101,NLHC LC-II-G8,Single,4
NMES101,NLHC LC-II-G9,Left,48
NMES101,NLHC LC-II-G9,Single,4
NMES101,NLHC LC-II-G10,Left,48
NMES101,NLHC LC-II-G10,Single,4
NMES101,NLHC LC-II-G11,Left,39
NMNC101,NLHC LC-II-G14,Left,42
NMNC101,NLHC LC-II-G14,Single,4
NMNC101,NLHC LC-II-G15,Left,48
NMNC101,NLHC LC-II-G15,Single,4
NMNC101,NLHC LC-II-G16,Left,5
NMNC507,Mech Dept ED Hall Ext,Single,20
NMNC509,PET3,Right,18
NMNC511,Mech Dept ED Hall Ext,Single,16
NMND502,LC-I-C3,Right,14
NMND503,NLHC LC-II-G13,Right,48
NMND503,NLHC LC-II-G14,Left,6
NMND507,LC-I-C1,Left,21
NMNE101,Mech Dept Gallery 02,Right,40
NMSC501,LC-I-C3,Right,19
NMSC513,LC-I-C4,Right,48
NMSC513,LC-I-C5,Left,15
NMSC513,LC-I-C5,Single,2
NMSC513,PET1,Left,19
NMSC514.,NLHC LC-II-C10,Right,24
NMSC514.,NLHC LC-II-C11,Right,24
NMSC514.,NLHC LC-II-C12,Left,23
NMSC514.,NLHC LC-II-C13,Left,14
NMSC521,PET1,Right,7
NMSC521,PET2,Left,24
NMSD507,LC-I-C3,Right,1
NMSD517,NLHC LC-II-C12,Right,2
NPEC101,PET3,Right,48
NPEC101,Mech Dept Gallery 01,Right,42
NPEC501,LC-I-C3,Left,3
NPEC501,LC-I-C3,Single,2
NPEC501,LC-I-C4,Left,48
NPEC502,LC-I-C4,Right,48
NPEC502,LC-I-C5,Left,10
NPEC503,LC-I-C3,Left,13
NPEC503,LC-I-C3,Single,2
NPEC503,LC-I-C4,Left,42
NPED502,Mech Dept Gallery 02,Right,48
NPED502,Mech Dept ED Hall Ext,Single,3
NPED503,PET2,Right,22
NPED503,PET3,Left,36
NPEE101,Mech Dept Gallery 02,Right,14
NPEE101,Mech Dept ED Hall Ext,Single,24
NPHC101,Mech Dept ED Hall Ext,Single,27
NPHC501,Mech Dept Gallery 02,Right,48
NPHC501,Mech Dept ED Hall Ext,Single,6
NPHC502,LC-I-C1,Right,29
NPHC502,LC-I-C2,Left,11
NPHC502,LC-I-C2,Single,2
NPHC502,LC-I-C3,Left,14
NPHC503,PET1,Right,8
NPHC503,PET2,Left,44
NPHC503,PET2,Single,2
NPHC504,LC-I-C2,Left,2
NPHC504,LC-I-C2,Single,2
NPHC504,LC-I-C3,Left,48
NPHC504,LC-I-C3,Single,2
NPHD506,LC-I-C2,Right,3
NPHI101,NLHC LC-II-C8,Right,8
NPHI101,NLHC LC-II-C9,Left,17
NPHI101,NLHC LC-II-C10,Left,24
NPHI101,NLHC LC-II-C11,Left,24
NPHI101,NLHC LC-II-C12,Left,24
NPHI101,NLHC LC-II-C13,Left,24
NPHI101,NLHC LC-II-C14,Left,24
NPHI101,LC-I-C1,Left,48
NPHI101,LC-I-C1,Single,2
NPHI101,LC-I-C2,Left,48
NPHI101,LC-I-C2,Single,2
NPHI101,LC-I-C3,Left,48
NPHI101,LC-I-C3,Single,2
NPHI101,LC-I-C4,Left,48
NPHI101,LC-I-C4,Single,2
NPHI101,LC-I-C5,Left,48
NPHI101,LC-I-C5,Single,2
NPHI101,PET1,Left,48
NPHI101,PET1,Single,3
NPHI101,PET2,Left,15
NPHP001,NLHC LC-II-G13,Right,39
PEC201,NLHC LC-II-G16,Left,32
PEC201,NLHC LC-II-G16,Single,4
PEC201,NLHC LC-II-C1,Left,24
PEC201,NLHC LC-II-C2,Left,24
PEC201,NLHC LC-II-C3,Left,15
PEC202,NLHC LC-II-G12,Right,48
PEC202,NLHC LC-II-G12,Single,4
PEC202,NLHC LC-II-G13,Left,45
PEC203,NLHC LC-II-G15,Right,48
PEC203,NLHC LC-II-G16,Left,11
PEC203,NLHC LC-II-G16,Single,4
PEC203,NLHC LC-II-C1,Left,24
PEC203,NLHC LC-II-C2,Left,9
PEC301,NLHC LC-II-G16,Right,48
PEC301,NLHC LC-II-C1,Left,2
PEC301,NLHC LC-II-C2,Left,24
PEC301,NLHC LC-II-C3,Left,24
PEC302,NLHC LC-II-G4,Right,48
PEC302,NLHC LC-II-G5,Right,48
PEC302,NLHC LC-II-G6,Left,4
PEC303,NLHC LC-II-G4,Left,15
PEC303,NLHC LC-II-G4,Single,4
PEC303,NLHC LC-II-G5,Left,48
PEC303,NLHC LC-II-G5,Single,4
PEC303,NLHC LC-II-G6,Left,27
PEC501,NLHC LC-II-G14,Right,2
PEC502,NLHC LC-II-G14,Right,2
PEC504,PET2,Left,2
PEC513,NLHC LC-II-C7,Right,1
PED401,LC-I-C4,Right,35
PED401,LC-I-C5,Right,46
PED402,NLHC LC-II-G4,Left,3
PED402,NLHC LC-II-G4,Single,4
PED402,NLHC LC-II-G5,Left,48
PED402,NLHC LC-II-G5,Single,4
PED402,NLHC LC-II-G6,Left,22
PEE201,NLHC LC-II-G2,Right,1
PEE201,NLHC LC-II-G3,Right,48
PEE201,NLHC LC-II-G4,Right,48
PEE201,NLHC LC-II-G5,Right,48
PEE201,NLHC LC-II-G6,Right,13
PEO401,NLHC LC-II-G1,Right,48
PEO401,NLHC LC-II-G2,Right,25
PEO402,NLHC LC-II-G16,Right,8
PEO402,NLHC LC-II-C1,Right,24
PEO402,NLHC LC-II-C2,Right,2
PEO404,NLHC LC-II-G5,Right,48
PEO404,NLHC LC-II-G6,Left,35
PEO404,NLHC LC-II-G6,Single,4
PEO404,NLHC LC-II-G7,Left,8
PEO406,NLHC LC-II-C2,Left,4
PEO406,NLHC LC-II-C3,Left,22
PHC200,NLHC LC-II-C2,Right,12
PHC200,NLHC LC-II-C3,Right,13
PHC201,NLHC LC-II-G9,Left,1
PHC201,NLHC LC-II-G9,Single,4
PHC201,NLHC LC-II-G10,Left,20
PHC202,NLHC LC-II-C8,Right,9
PHC202,NLHC LC-II-C9,Right,17
PHC514,NLHC LC-II-G9,Left,6
PHC514,NLHC LC-II-G9,Single,4
PHC514,NLHC LC-II-G10,Left,48
PHC514,NLHC LC-II-G10,Single,4
PHC514,NLHC LC-II-G11,Left,12
PHC515,NLHC LC-II-C1,Right,24
PHC515,NLHC LC-II-C2,Right,24
PHC515,NLHC LC-II-C3,Right,24
PHC515,NLHC LC-II-C4,Right,4
PHC516,NLHC LC-II-C12,Right,22
PHC516,NLHC LC-II-C13,Left,22
PHD501,NLHC LC-II-G13,Right,19
PHD501,NLHC LC-II-G14,Right,30
PHD506,LC-I-C5,Right,2
PHD506,PET1,Left,35
PHD509,NLHC LC-II-C3,Right,11
PHD509,NLHC LC-II-C4,Right,24
PHD509,NLHC LC-II-C5,Right,4
PHD510,NLHC LC-II-G6,Right,11
PHD510,NLHC LC-II-G7,Right,26
PHD575,LC-I-C3,Right,4
PHD575,LC-I-C4,Right,24
PHD576,PET1,Left,19
PHD576,PET1,Single,3
PHD576,PET2,Left,4
PHD577,NLHC LC-II-G10,Right,48
PHD577,NLHC LC-II-G11,Left,3
PHD577,NLHC LC-II-G11,Single,4
PHD577,NLHC LC-II-G12,Left,35
PHE200,NLHC LC-II-G9,Right,3
PHE200,NLHC LC-II-G10,Right,45
PHO300,NLHC LC-II-G4,Right,11
PHO300,NLHC LC-II-G5,Right,17
PHO302,NLHC LC-II-G7,Right,1
PHO302,NLHC LC-II-G8,Left,26
PHO302,NLHC LC-II-G8,Single,4
PHO302,NLHC LC-II-G9,Left,48
PHO302,NLHC LC-II-G9,Single,4
PHO302,NLHC LC-II-G10,Left,22
PHO400,NLHC LC-II-G12,Right,14
PHO504,NLHC LC-II-G7,Right,14
